sparks_id,founding_name,current_name,latitude_dd,longitude_dd,country_code,subdivision_code,city,wikidata_id,status,year_founded,year_inactive,year_demolished,mlb_id,espn_id
05njz9zt,United Center,United Center,41.88070,-87.67418,US,IL,Chicago,Q639975,active,1994,,,,1847
0lshq2jk,Florida Suncoast Dome,Tropicana Field,27.76815,-82.65325,US,FL,St. Petersburg,Q1810119,active,1990,,,12,31
0rctdqyd,Citizens Bank Park,Citizens Bank Park,39.90558,-75.16661,US,PA,Philadelphia,Q912770,active,2004,,,2681,84
0rfq97bs,Citi Field,Citi Field,40.75658,-73.84603,US,NY,Queens,Q1072882,active,2009,,,3289,209
0trfx90w,Paul Brown Stadium,Paycor Stadium,39.09544,-84.51605,US,OH,Cincinnati,Q1632294,active,2000,,,,3874
1945j1z7,Marlins Park,loanDepot park,25.77842,-80.21986,US,FL,Miami,Q1368138,active,2012,,,4169,4223
1dz9ytdh,Cowboys Stadium,AT&T Stadium,32.74781,-97.09283,US,TX,Arlington,Q838284,active,2009,,,,3687
1fveknv3,American Airlines Arena,Kaseya Center,25.78135,-80.18792,US,FL,Miami,Q420129,active,1999,,,,3438
1pg5bd5c,Legends Field,George M. Steinbrenner Field,27.97997,-82.50701,US,FL,Tampa,Q3101733,active,1996,,,2523,72
1txnd5g8,Jacksonville Municipal Stadium,EverBank Stadium,30.32391,-81.63735,US,FL,Jacksonville,Q635117,active,1995,,,,3712
25f6w8e1,Ford Field,Ford Field,42.34002,-83.04565,US,MI,Detroit,Q1142586,active,2002,,,,3727
2py1z9kx,Cleveland Browns Stadium,Huntington Bank Field,41.50604,-81.69958,US,OH,Cleveland,Q1100756,active,1999,,,,3679
3c520rvp,Nationals Park,Nationals Park,38.87254,-77.00776,US,DC,Washington,Q517545,active,2008,,,3309,89
3cmc259x,Target Center,Target Center,44.97952,-93.27606,US,MN,Minneapolis,Q282675,active,1990,,,,2029
3h343skr,America West Arena,Mortgage Matchup Center,33.44582,-112.07119,US,AZ,Phoenix,Q1538690,active,1992,,,,1949
4gvhzt8l,U.S. Bank Stadium,U.S. Bank Stadium,44.97352,-93.25747,US,MN,Minneapolis,Q7929512,active,2016,,,,5239
4ksk1zex,Kauffman Stadium,Kauffman Stadium,39.05125,-94.48081,US,MO,Kansas City,Q1737017,active,1973,,,7,7
4tew5786,Pacific Bell Park,Oracle Park,37.77836,-122.38991,US,CA,San Francisco,Q298585,active,2000,,,2395,43
5m4srn9s,Wembley Stadium,Wembley Stadium,51.55597,-0.27954,GB,ENG,London,Q128468,active,2007,,,,2455
64hw4s2l,Ford Center,Paycom Center,35.46349,-97.51511,US,OK,Oklahoma City,Q665434,active,2002,,,,2559
6966hy2t,Coors Field,Coors Field,39.75571,-104.99420,US,CO,Denver,Q1129916,active,1995,,,19,27
6gtxzeb7,Levi's Stadium,Levi's Stadium,37.40319,-121.96980,US,CA,Santa Clara,Q7419343,active,2014,,,,4738
6h0z5tye,Fenway Park,Fenway Park,42.34625,-71.09777,US,MA,Boston,Q49136,active,1912,,,3,2
6h651bwc,Madison Square Garden,Madison Square Garden,40.75052,-73.99347,US,NY,New York City,Q186125,active,1968,,,,1830
6tn1k7kv,SoFi Stadium,SoFi Stadium,33.95342,-118.33904,US,CA,Inglewood,Q19520501,active,2020,,,,7065
6wvqyq9h,Globe Life Field,Globe Life Field,32.74728,-97.08358,US,TX,Arlington,Q24284037,active,2020,,,5325,231
74ckqk8x,MCI Center,Capital One Arena,38.89815,-77.02093,US,DC,Washington,Q223240,active,1997,,,,1823
7e0msnql,FedExForum,FedExForum,35.13822,-90.05048,US,TN,Memphis,Q641212,active,2004,,,,1392
7l3e0ezw,Rich Stadium,Highmark Stadium,42.77374,-78.78697,US,NY,Orchard Park,Q1475645,active,1973,,,,3883
7qlktt88,CoreStates Center,Xfinity Mobile Arena,39.90120,-75.17195,US,PA,Philadelphia,Q818735,active,1996,,,,1845
828w5wnk,Comiskey Park,Rate Field,41.83019,-87.63424,US,IL,Chicago,Q633613,active,1991,,,4,4
91gpmzp4,Seahawks Stadium,Lumen Field,47.59522,-122.33167,US,WA,Seattle,Q612736,active,2002,,,,3673
91yqz091,Croke Park,Croke Park,53.36074,-6.25113,IE,D,Dublin,Q478225,active,1884,,,,4737
c4rkh70v,Raley Field,Sutter Health Park,38.58022,-121.51403,US,CA,West Sacramento,Q3418115,active,2000,,,2529,7109
cb8v98d1,Weeghman Park,Wrigley Field,41.94792,-87.65583,US,IL,Chicago,Q1052807,active,1914,,,17,16
cgbcms2r,Oriole Park at Camden Yards,Oriole Park at Camden Yards,39.28351,-76.62191,US,MD,Baltimore,Q1141174,active,1992,,,2,1
cxt4x4bk,Bank One Ballpark,Chase Field,33.44504,-112.06672,US,AZ,Phoenix,Q1068011,active,1998,,,15,30
d19jqq98,FleetCenter,TD Garden,42.36629,-71.06219,US,MA,Boston,Q432105,active,1995,,,,1824
d4h9j87j,Adelphia Coliseum,Nissan Stadium,36.16647,-86.77127,US,TN,Nashville,Q1142992,active,1999,,,,3810
dfs2lv2e,Toyota Center,Toyota Center,29.75078,-95.36211,US,TX,Houston,Q1166157,active,2003,,,,1394
e1ppwsh7,Target Field,Target Field,44.98171,-93.27829,US,MN,Minneapolis,Q1156635,active,2010,,,3312,210
egcff0wy,Ericsson Stadium,Bank of America Stadium,35.22580,-80.85283,US,NC,Charlotte,Q806673,active,1996,,,,3628
er6fpz7s,Ravens Stadium at Camden Yards,M&T Bank Stadium,39.27796,-76.62271,US,MD,Baltimore,Q1141336,active,1998,,,,3814
erpqq45q,Rose Garden,Moda Center,45.53156,-122.66684,US,OR,Portland,Q1347442,active,1995,,,,3423
f3wv7y64,Arena Corinthians,Neo Química Arena,-23.54531,-46.47422,BR,SP,Sao Paulo,Q1362236,active,2014,,,,8748
f7kng037,Heinz Field,Acrisure Stadium,40.44678,-80.01577,US,PA,Pittsburgh,Q1067148,active,2001,,,,3752
fd317pbn,Jack Kent Cooke Stadium,Northwest Stadium,38.90768,-76.86451,US,MD,Landover,Q583085,active,1997,,,,3719
fv8hjl51,Comerica Park,Comerica Park,42.33944,-83.04896,US,MI,Detroit,Q868482,active,2000,,,2394,45
fzbbh58c,Fiserv Forum,Fiserv Forum,43.04502,-87.91739,US,WI,Milwaukee,Q20372160,active,2018,,,,5777
g0qj8903,Louisiana Superdome,Caesars Superdome,29.95104,-90.08109,US,LA,New Orleans,Q756452,active,1975,,,,3493
gl109vgj,The O2 Arena,The O2 Arena,51.50293,0.00321,GB,ENG,London,Q5364202,active,2007,,,,6272
gntz425s,SunTrust Park,Truist Park,33.89113,-84.46788,US,GA,Cumberland,Q17003430,active,2017,,,4705,218
gy13xwnv,Lucas Oil Stadium,Lucas Oil Stadium,39.76009,-86.16383,US,IN,Indianapolis,Q867160,active,2008,,,,3812
hf4jm4x4,Olympiastadion Berlin,Olympiastadion Berlin,52.51472,13.23944,DE,BE,Berlin,Q151374,active,1936,,,,7696
hx8k7nxz,Joe Robbie Stadium,Hard Rock Stadium,25.95774,-80.23897,US,FL,Miami Gardens,Q864339,active,1987,,,,3948
hxn7j9mx,Safeco Field,T-Mobile Park,47.59111,-122.33288,US,WA,Seattle,Q1193117,active,1999,,,680,41
hxws0dq3,O2 World,Uber Arena,52.50636,13.44377,DE,BE,Berlin,Q265463,active,2008,,,,11593
j4fbhk07,Intuit Dome,Intuit Dome,33.94378,-118.34224,US,CA,Inglewood,Q54958436,active,2024,,,,10642
jkxgyks5,Conseco Fieldhouse,Gainbridge Fieldhouse,39.76393,-86.15552,US,IN,Indianapolis,Q545007,active,1999,,,,2183
jrq2fbfj,Golden 1 Center,Golden 1 Center,38.58019,-121.49960,US,CA,Sacramento,Q7011384,active,2016,,,,5310
k2cbyrm3,Busch Stadium,Busch Stadium,38.62241,-90.19339,US,MO,St. Louis,Q253546,active,2006,,,2889,87
kd0bd4c2,SkyDome,Rogers Centre,43.64125,-79.38900,CA,ON,Toronto,Q76318,active,1989,,,14,14
kpqs9sj5,Gund Arena,Rocket Arena,41.49657,-81.68814,US,OH,Cleveland,Q387157,active,1994,,,,3417
ky4ljmnt,City Stadium,Lambeau Field,44.50131,-88.06221,US,WI,Green Bay,Q860790,active,1957,,,,3798
lb1123p8,Philips Arena,State Farm Arena,33.75724,-84.39645,US,GA,Atlanta,Q1123297,active,1999,,,,1827
lkjp2vxb,Memorial Field,Journey Bank Ballpark,41.24205,-77.04738,US,PA,Williamsport,Q4951307,active,1926,,,2735,223
lknhnle7,Barclays Center,Barclays Center,40.68260,-73.97515,US,NY,Brooklyn,Q807966,active,2012,,,,3559
lqv9qzd1,Dodger Stadium,Dodger Stadium,34.07341,-118.24022,US,CA,Los Angeles,Q247420,active,1962,,,22,19
m6sx76sf,Arrowhead Stadium,GEHA Field at Arrowhead Stadium,39.04890,-94.48403,US,MO,Kansas City,Q544553,active,1972,,,,3622
m7b6qpee,Miller Park,American Family Field,43.02842,-87.97164,US,WI,Milwaukee,Q1339293,active,2001,,,32,4242
mej3rktq,Petco Park,Petco Park,32.70702,-117.15708,US,CA,San Diego,Q1194586,active,2004,,,2680,85
mhjn2tl2,Mercedes-Benz Stadium,Mercedes-Benz Stadium,33.75543,-84.40084,US,GA,Atlanta,Q7007552,active,2017,,,,5348
n80bm3x5,Raymond James Stadium,Raymond James Stadium,27.97596,-82.50336,US,FL,Tampa,Q1141343,active,1998,,,,3886
n8pjw4ys,Air Canada Centre,Scotiabank Arena,43.64343,-79.37907,CA,ON,Toronto,Q406972,active,1999,,,,1838
nnwnk6d6,Little Caesars Arena,Little Caesars Arena,42.34109,-83.05520,US,MI,Detroit,Q18154984,active,2017,,,,5404
nw37vq6j,Chase Center,Chase Center,37.76789,-122.38740,US,CA,San Francisco,Q15262098,active,2019,,,,6270
p2ykq00q,New Meadowlands Stadium,MetLife Stadium,40.81355,-74.07433,US,NJ,East Rutherford,Q10862290,active,2010,,,,3839
qh8qcfxc,Jacobs Field,Progressive Field,41.49554,-81.68528,US,OH,Cleveland,Q1154053,active,1994,,,5,5
qymwzvbp,Lincoln Financial Field,Lincoln Financial Field,39.90081,-75.16747,US,PA,Philadelphia,Q1052370,active,2003,,,,3806
qz21j992,Tottenham Hotspur Stadium,Tottenham Hotspur Stadium,51.60423,-0.06617,GB,ENG,London,Q55074091,active,2019,,,,5534
r2qxr2yt,Amway Center,Kia Center,28.53924,-81.38388,US,FL,Orlando,Q481795,active,2010,,,,3432
r6ebclr6,Delta Center,Delta Center,40.76826,-111.90110,US,UT,Salt Lake City,Q82294,active,1991,,,,3093
rnj1kzdy,Invesco Field,Empower Field at Mile High,39.74390,-105.02012,US,CO,Denver,Q1046135,active,2001,,,,3937
rv5hrgh4,PNC Park,PNC Park,40.44707,-80.00618,US,PA,Pittsburgh,Q1151177,active,2001,,,31,47
rzwkelgj,Anaheim Stadium,Angel Stadium,33.79990,-117.88317,US,CA,Anaheim,Q531897,active,1966,,,1,3
sblh1fly,Yankee Stadium,Yankee Stadium,40.82949,-73.92693,US,NY,Bronx,Q753529,active,2009,,,3313,208
sr7hk96c,Estadio Real Madrid Club de Fútbol,Estadio Santiago Bernabéu,40.45309,-3.68824,ES,MD,Madrid,Q164027,active,1947,,,,1353
sw9kzkdx,SBC Center,Frost Bank Center,29.42702,-98.43746,US,TX,San Antonio,Q298573,active,2002,,,,780
t9r12mn9,Charlotte Bobcats Arena,Spectrum Center,35.22519,-80.83935,US,NC,Charlotte,Q983870,active,2005,,,,1893
tehebes0,Municipal Grant Park Stadium,Soldier Field,41.86227,-87.61673,US,IL,Chicago,Q1132413,active,1924,,,,3933
v28kdwh7,Staples Center,Crypto.com Arena,34.04306,-118.26713,US,CA,Los Angeles,Q186080,active,1999,,,,1841
v3bct44v,Reliant Stadium,NRG Stadium,29.68472,-95.41081,US,TX,Houston,Q1058864,active,2002,,,,3891
v6kn5mgt,Enron Field,Daikin Park,29.75671,-95.35537,US,TX,Houston,Q1193671,active,2000,,,2392,44
vbjxgrj8,Cardinals Stadium,State Farm Stadium,33.52765,-112.26257,US,AZ,Glendale,Q756433,active,2006,,,,3970
vc2kskgs,American Airlines Center,American Airlines Center,32.79050,-96.81029,US,TX,Dallas,Q463345,active,2001,,,,516
vtq7w9km,Allegiant Stadium,Allegiant Stadium,36.09070,-115.18337,US,NV,Paradise,Q27768421,active,2020,,,,6501
wmk3z54f,CMGI Field,Gillette Stadium,42.09092,-71.26434,US,MA,Foxborough,Q373355,active,2002,,,,3738
ww52t2cg,Moody Center,Moody Center,30.28096,-97.73064,US,TX,Austin,Q79477138,active,2022,,,,7317
x41s6c3m,Tokyo Dome,Tokyo Dome,35.70557,139.75187,JP,13,Tokyo,Q733748,active,1988,,,2397,42
xs1et22g,Arena CDMX,Arena CDMX,19.49766,-99.17515,MX,CMX,Ciudad de México,Q6826206,active,2012,,,,5779
y3qg6fdf,Great American Ball Park,Great American Ball Park,39.09748,-84.50705,US,OH,Cincinnati,Q979975,active,2003,,,2602,83
zmn2n2hn,New Orleans Arena,Smoothie King Center,29.94908,-90.08196,US,LA,New Orleans,Q1515840,active,1999,,,,985
zn5lvl4x,Pepsi Center,Ball Arena,39.74866,-105.00760,US,CO,Denver,Q795470,active,1999,,,,892
